species,island,culmen_length_mm,culmen_depth_mm,flipper_length_mm,body_mass_g,sex
Gentoo,Biscoe,48.386080045846946,14.757609545729814,213.0,5418.0,MALE
Adelie,Torgersen,34.51718730404292,21.423722796279126,195.0,4462.0,MALE
Gentoo,Biscoe,45.05328592364241,16.367019448341367,219.0,6022.0,MALE
Adelie,Torgersen,39.33101053165283,19.713858419337342,193.0,4523.0,MALE
Gentoo,Biscoe,45.17800274188184,14.438814925771231,210.0,4488.0,FEMALE
Adelie,Biscoe,43.65678443899432,19.210528449663165,194.0,3477.0,MALE
Adelie,Dream,37.30272305992281,17.058029276855713,191.0,2959.0,FEMALE
Adelie,Dream,38.017054998358525,20.218910979991115,191.0,3905.0,MALE
Adelie,Dream,41.00532081195949,19.053010085988063,188.0,3988.0,MALE
Gentoo,Biscoe,48.02715030425067,14.431340714295063,212.0,4821.0,FEMALE
Adelie,Torgersen,40.22365521714359,19.676721936527965,195.0,4652.0,MALE
Gentoo,Biscoe,49.293944426748915,14.846108751620863,221.0,5308.0,MALE
Chinstrap,Torgersen,43.48752703604959,17.76622254263978,210.0,4088.0,MALE
Gentoo,Biscoe,51.01423078071618,15.831647742878603,215.0,5170.0,MALE
Chinstrap,Dream,45.32525737042858,17.634597607912404,189.0,3779.0,FEMALE
Adelie,Dream,36.569446219373354,16.714119182091753,191.0,3020.0,FEMALE
Adelie,Torgersen,38.85090110195633,19.296996668596176,183.0,3305.0,FEMALE
Gentoo,Biscoe,51.32633002955178,14.891618583282732,208.0,5492.0,MALE
Chinstrap,Dream,49.714048699495315,19.519684389872303,211.0,3851.0,MALE
Gentoo,Biscoe,45.71547818185443,16.22005552952724,222.0,6036.0,MALE
Gentoo,Biscoe,47.65145290781408,15.196156111391598,218.0,4841.0,MALE
Gentoo,Biscoe,49.60351865385768,16.761525667740294,230.0,5597.0,MALE
Gentoo,Biscoe,42.96090264595599,13.917426662060917,214.0,5021.0,FEMALE
Adelie,Torgersen,34.415477906383735,21.305905591409292,194.0,4411.0,MALE
Adelie,Biscoe,38.24919623374748,18.79291513765999,190.0,3626.0,FEMALE
Gentoo,Biscoe,43.23846416109401,17.71583794089966,219.0,5388.0,MALE
Adelie,Biscoe,38.196986273748955,18.639795075776732,175.0,3095.0,FEMALE
Gentoo,Biscoe,46.689969588485226,15.108687983612063,220.0,5225.0,MALE
Gentoo,Biscoe,51.23039019820211,16.372435806092003,228.0,5665.0,MALE
Adelie,Dream,34.80408375568479,17.234791483599615,186.0,3343.0,FEMALE
Adelie,Biscoe,35.50588844275999,16.355022137871114,188.0,3429.0,FEMALE
Chinstrap,Dream,52.539801150686,19.465239867639188,196.0,3713.0,MALE
Adelie,Torgersen,35.208176926788944,16.737673605491104,192.0,2981.0,FEMALE
Adelie,Dream,44.206913262142905,19.787955337526217,195.0,4421.0,MALE
Chinstrap,Dream,46.60446154277394,17.956579764048314,203.0,3435.0,FEMALE
Adelie,Torgersen,41.74430733772553,19.13159543435972,187.0,4024.0,MALE
Gentoo,Biscoe,49.58959394380544,16.8587984624153,227.0,5604.0,MALE
Adelie,Biscoe,38.14838237055837,18.795871433192644,179.0,3684.0,MALE
Gentoo,Biscoe,49.734161843578825,15.792887285704907,229.0,6007.0,MALE
Gentoo,Biscoe,49.518710651693794,16.297936069185738,217.0,5459.0,MALE
Chinstrap,Dream,44.47657137655734,17.21773250698521,188.0,3759.0,FEMALE
Adelie,Torgersen,39.65366956638982,17.815886878057732,190.0,3352.0,FEMALE
Adelie,Dream,38.79295381630258,18.566590658069654,186.0,3620.0,MALE
Adelie,Biscoe,37.93537745571981,18.78221985677072,180.0,3718.0,FEMALE
Adelie,Biscoe,38.04715599877766,20.215370116431842,191.0,4319.0,MALE
Gentoo,Biscoe,47.0468979441494,15.485708344293341,215.0,5106.0,MALE
Gentoo,Biscoe,48.86271725081579,14.624981360054601,203.0,4639.0,FEMALE
Adelie,Dream,37.005327268353426,17.14368236194579,187.0,3358.0,FEMALE
Adelie,Biscoe,37.928096901845926,16.668735679149922,197.0,3866.0,FEMALE
Adelie,Biscoe,40.30536784414895,20.96698609328872,192.0,3853.0,FEMALE
Gentoo,Biscoe,51.079371770259826,14.044661664814164,218.0,5259.0,MALE
Gentoo,Biscoe,42.34095816072391,13.894536790860245,217.0,4935.0,FEMALE
Gentoo,Biscoe,48.71061300050974,15.735278515202996,226.0,5628.0,MALE
Gentoo,Biscoe,47.66507508142475,14.336876905548507,207.0,4588.0,FEMALE
Gentoo,Biscoe,41.04841838346579,14.749128618213478,209.0,4800.0,FEMALE
Adelie,Torgersen,38.882646508312,17.75272830009996,181.0,3760.0,FEMALE
Gentoo,Biscoe,50.12495453815527,15.388235474522622,224.0,5426.0,MALE
Adelie,Torgersen,34.23299246337451,17.192495239673576,185.0,3386.0,FEMALE
Gentoo,Biscoe,45.446521938566974,14.548854710033389,208.0,5177.0,FEMALE
Adelie,Dream,36.977731253076584,17.933737590431296,188.0,3173.0,FEMALE
Chinstrap,Dream,45.59489193702559,17.63886605382212,184.0,3635.0,FEMALE
Adelie,Torgersen,35.5928899595842,15.916096707598694,184.0,2893.0,FEMALE
Adelie,Biscoe,38.92527800071398,17.282361773543638,178.0,3805.0,MALE
Gentoo,Biscoe,46.6793802384469,15.269084117598892,215.0,4918.0,FEMALE
Gentoo,Biscoe,42.53297346324123,13.907894900198254,213.0,4912.0,FEMALE
Gentoo,Biscoe,43.71185991112883,14.749754226053012,207.0,4466.0,FEMALE
Adelie,Torgersen,45.29489443467677,18.826594554229022,196.0,4202.0,MALE
Adelie,Dream,35.37923907571241,18.114964147464768,192.0,3449.0,FEMALE
Gentoo,Biscoe,46.64152014447672,15.306127946701876,221.0,5216.0,MALE
Chinstrap,Dream,42.12420306580379,16.83035065902953,190.0,3367.0,FEMALE
Chinstrap,Dream,50.23541307676224,18.464861303043282,195.0,3745.0,MALE
Adelie,Dream,36.48175310135139,17.136069379878492,193.0,3329.0,FEMALE
Adelie,Dream,41.192563122319335,18.598064282752187,188.0,3797.0,MALE
Chinstrap,Dream,55.00290665986074,20.672656428567006,203.0,4246.0,MALE
Adelie,Biscoe,35.5052301140129,18.984607188107532,189.0,3860.0,MALE
Adelie,Torgersen,33.598508496643944,16.985234384128233,187.0,3117.0,FEMALE
Adelie,Torgersen,35.891705392703855,17.620188012176136,185.0,3616.0,FEMALE
Adelie,Dream,37.43055925988131,17.88238251360474,183.0,3117.0,FEMALE
Chinstrap,Dream,51.24464889692614,18.46568762456519,178.0,3289.0,FEMALE
Adelie,Dream,41.50838280681775,18.8227698461912,188.0,3844.0,FEMALE
Gentoo,Biscoe,49.834988041867085,14.523489997631174,202.0,4628.0,FEMALE
Adelie,Torgersen,36.119238354752746,15.989661584090221,185.0,2901.0,FEMALE
Chinstrap,Dream,46.59332489680358,18.576135240530444,189.0,3488.0,FEMALE
Gentoo,Biscoe,51.88803206907261,16.235431455887294,217.0,5537.0,MALE
Adelie,Torgersen,39.94476467479981,19.74853798254498,195.0,4556.0,MALE
Gentoo,Biscoe,44.85399691680418,13.573261662848699,212.0,4294.0,FEMALE
Adelie,Dream,41.46598947419834,18.438404775834883,198.0,4116.0,MALE
Gentoo,Biscoe,47.01804320213125,14.497808653602318,207.0,4714.0,FEMALE
Gentoo,Biscoe,48.45567858021168,14.790206537002316,209.0,5517.0,MALE
Gentoo,Biscoe,52.160976627355346,17.07896447097351,230.0,5515.0,MALE
Chinstrap,Dream,58.15592670069417,17.93911095035704,193.0,3631.0,FEMALE
Gentoo,Biscoe,49.39708063977521,15.217466225283015,221.0,6220.0,MALE
Gentoo,Biscoe,45.09452427161784,14.597686128491747,207.0,5126.0,FEMALE
Gentoo,Biscoe,49.50783739560578,16.18592221194229,216.0,5443.0,MALE
Adelie,Dream,37.59485452911117,16.881887147047642,186.0,3368.0,FEMALE
Adelie,Torgersen,36.11079417467775,16.54012481988416,192.0,3041.0,FEMALE
Adelie,Dream,44.19082199067906,17.766540482357044,211.0,4121.0,MALE
Chinstrap,Dream,56.96326285877039,17.94706122098761,184.0,3619.0,FEMALE
Chinstrap,Dream,50.81757676943098,19.838110468477783,196.0,3668.0,MALE
Adelie,Dream,39.64386077770761,16.849815679441193,185.0,3256.0,FEMALE
Gentoo,Biscoe,48.091452593065775,14.714926028407316,213.0,5483.0,MALE
Gentoo,Biscoe,48.38698166654834,15.177025010367212,217.0,4799.0,FEMALE
Adelie,Dream,40.68417398033505,20.372216433770305,192.0,3547.0,MALE
Chinstrap,Dream,50.980797678587415,18.940212303195995,203.0,3970.0,MALE
Adelie,Dream,43.261059653161716,18.133411217458416,187.0,3260.0,FEMALE
Gentoo,Biscoe,47.52813323819326,15.101187202386111,213.0,5694.0,MALE
Gentoo,Biscoe,49.69255158610204,16.155534697701746,228.0,5910.0,MALE
Adelie,Biscoe,40.807237205177024,20.101773507741807,203.0,4789.0,MALE
Adelie,Dream,37.346880507733786,16.71017852456827,192.0,3257.0,FEMALE
Gentoo,Biscoe,45.988335340297134,15.369765386909066,220.0,5055.0,MALE
Gentoo,Biscoe,43.30124292225442,14.06856109868606,215.0,4785.0,FEMALE
Adelie,Torgersen,38.559297130262955,19.425136240038444,196.0,3459.0,MALE
Adelie,Torgersen,39.03719684331522,17.772660639397714,193.0,4275.0,MALE
Gentoo,Biscoe,45.26406580058511,14.41626158552215,212.0,4374.0,FEMALE
Adelie,Dream,44.351272020211184,19.60197500315481,196.0,4469.0,MALE
Chinstrap,Dream,45.2095222063585,17.569595221585296,184.0,3762.0,FEMALE
Adelie,Torgersen,42.6608100572731,19.300908750026682,200.0,4056.0,MALE
Chinstrap,Dream,56.886708092660534,17.73961977918833,181.0,3726.0,MALE
Adelie,Torgersen,38.47312487612825,21.425979146497216,190.0,3918.0,MALE
Chinstrap,Dream,52.183715324412056,17.738257913782203,202.0,4073.0,MALE
Chinstrap,Dream,49.39193530354337,19.633077668624363,193.0,4256.0,MALE
Adelie,Torgersen,42.26291293781889,20.972542096919362,197.0,4573.0,MALE
Gentoo,Biscoe,46.35894241796088,15.885112976153575,226.0,5201.0,MALE
Adelie,Biscoe,38.94821039463999,17.278865043786862,178.0,3812.0,MALE
Gentoo,Biscoe,48.650039051715794,14.08477330830739,211.0,4349.0,FEMALE
Adelie,Torgersen,40.37975020105066,19.226071009199767,188.0,4090.0,MALE
Adelie,Dream,43.04641801032947,18.174775606348412,185.0,3458.0,FEMALE
Chinstrap,Dream,46.10433641942148,16.695114566931565,191.0,2794.0,FEMALE
Adelie,Biscoe,40.52035585108359,18.901585496452043,188.0,3402.0,MALE
Adelie,Torgersen,35.13954270109414,16.544673895806703,190.0,2944.0,FEMALE
Adelie,Dream,41.451026561737,16.989605090154214,187.0,3552.0,MALE
Adelie,Torgersen,38.8883325931363,17.17417036889227,200.0,3756.0,FEMALE
Adelie,Dream,32.131326041544405,16.146630426113145,180.0,2999.0,FEMALE
Adelie,Torgersen,35.435225893954374,15.728883099088991,185.0,2896.0,FEMALE
Adelie,Biscoe,40.48956280163949,18.952916420934507,184.0,3873.0,MALE
Gentoo,Biscoe,46.20738984846515,15.199388072954108,219.0,5363.0,MALE
Gentoo,Biscoe,47.528640248059936,14.845183340890722,216.0,4860.0,MALE
Gentoo,Biscoe,45.36452286477357,15.99806820264836,222.0,5303.0,MALE
Gentoo,Biscoe,50.45665420517023,16.69214512410897,226.0,5230.0,MALE
Gentoo,Biscoe,41.97293711460332,13.536212479812416,215.0,4923.0,FEMALE
Gentoo,Biscoe,52.042500194663596,16.28591114039962,229.0,5490.0,MALE
Gentoo,Biscoe,43.15414572224145,14.209450853281716,208.0,4847.0,FEMALE
Adelie,Biscoe,37.73876670663483,15.634194193454887,182.0,3072.0,FEMALE
Gentoo,Biscoe,48.58382332949344,15.518230607306613,220.0,5205.0,MALE
Gentoo,Biscoe,50.24911421189221,16.38347605941916,221.0,6019.0,MALE
Gentoo,Biscoe,49.093013539303456,16.490090161718523,228.0,5598.0,MALE
Chinstrap,Dream,46.85594767105987,16.732327974827793,192.0,2835.0,FEMALE
Chinstrap,Dream,53.87769902714095,20.01174994197916,206.0,4522.0,MALE
Chinstrap,Dream,53.987912835243584,19.920262940683607,207.0,4524.0,MALE
Adelie,Torgersen,39.20795883338402,17.072641560281443,197.0,3463.0,MALE
Gentoo,Biscoe,48.14988077491295,14.006943678095958,211.0,4959.0,FEMALE
Gentoo,Biscoe,49.92900474168438,15.340139680827564,221.0,6239.0,MALE
Adelie,Torgersen,41.80482004776144,17.5751870658744,190.0,3395.0,FEMALE
Adelie,Torgersen,37.15477745341165,20.440123933583788,193.0,3706.0,MALE
Chinstrap,Dream,47.01245881633972,18.37348643976457,181.0,3355.0,FEMALE
Gentoo,Biscoe,43.57067974398306,17.5282459733979,219.0,5307.0,MALE
Gentoo,Biscoe,51.69469509151703,17.22464958084689,229.0,5491.0,MALE
Adelie,Dream,41.170588166020444,19.12422077522452,193.0,4079.0,MALE
Gentoo,Biscoe,45.083181796336234,14.701444078128361,210.0,4369.0,FEMALE
Adelie,Biscoe,37.84037679112073,18.593594576594775,172.0,3113.0,FEMALE
Adelie,Biscoe,38.2484849457574,17.899647879266492,185.0,3892.0,MALE
Chinstrap,Dream,42.28861991902914,16.607974448945487,185.0,3352.0,FEMALE
Adelie,Torgersen,37.007530016845884,20.429663868256206,191.0,3632.0,MALE
Gentoo,Biscoe,50.67432517883612,16.81007412462523,226.0,5255.0,MALE
Chinstrap,Dream,51.778238251375285,19.19520774820494,196.0,4239.0,MALE
Gentoo,Biscoe,46.34108356356161,15.614643591443832,219.0,5190.0,MALE
Gentoo,Biscoe,45.62678411475735,14.721813502515545,208.0,5096.0,FEMALE
Adelie,Torgersen,40.69503241413044,18.18991563303147,195.0,3811.0,FEMALE
Gentoo,Biscoe,50.7458253009236,15.7530944449359,222.0,5589.0,MALE
Adelie,Biscoe,37.61709993839031,18.569544710641296,193.0,3695.0,FEMALE
Adelie,Biscoe,38.619664768939664,18.868176436964735,182.0,3695.0,MALE
Adelie,Biscoe,35.31188526240101,17.72806433783407,192.0,3530.0,FEMALE
Gentoo,Biscoe,47.28783267865657,14.732094176226411,212.0,4598.0,FEMALE
Adelie,Biscoe,37.98621435080023,15.70120400323375,181.0,3179.0,FEMALE
Gentoo,Biscoe,50.30517931076124,14.113811241917796,217.0,5737.0,MALE
Gentoo,Biscoe,47.16055284226322,13.546056508522582,213.0,4917.0,FEMALE
Gentoo,Biscoe,47.709310147083826,14.910727052648676,217.0,4823.0,FEMALE
Chinstrap,Dream,55.87083213292755,19.56359629558699,209.0,4001.0,MALE
Adelie,Dream,40.843901646223905,17.321937008888934,192.0,3840.0,MALE
Chinstrap,Dream,52.6519955240296,19.302371274334703,188.0,3869.0,FEMALE
Adelie,Dream,32.97140329684272,15.498766882200746,189.0,2974.0,FEMALE
Gentoo,Biscoe,49.45398066272567,15.7703111221323,229.0,5893.0,MALE
Gentoo,Biscoe,45.45897660666451,16.39078087232471,222.0,5945.0,MALE
Gentoo,Biscoe,45.0085236985547,13.55251715698432,213.0,4453.0,FEMALE
Chinstrap,Dream,51.919824733881214,19.002682688423224,189.0,3925.0,MALE
Chinstrap,Dream,52.2448951856121,20.809091723663656,211.0,4680.0,MALE
Adelie,Torgersen,38.97709580505299,18.938773359510726,192.0,3701.0,MALE
Adelie,Biscoe,43.36442561921143,19.29771643480247,196.0,4683.0,MALE
Gentoo,Biscoe,51.80980232466094,17.16237342499265,228.0,5425.0,MALE
Gentoo,Biscoe,46.1791969452557,15.436349008803209,213.0,5017.0,FEMALE
Chinstrap,Dream,45.35142417655279,17.63758152626848,186.0,3610.0,FEMALE
Adelie,Torgersen,39.49564109669426,17.053135211139022,188.0,3583.0,FEMALE
Adelie,Biscoe,38.8037071636054,18.57288920350795,175.0,3180.0,FEMALE
Gentoo,Biscoe,48.00620820375151,15.537009800307027,220.0,5178.0,MALE
Chinstrap,Dream,50.54480879544001,18.64000724240169,204.0,4082.0,MALE
Adelie,Biscoe,40.903117228288735,19.142816716931158,194.0,4097.0,MALE
Gentoo,Biscoe,48.190015732908805,14.510195925835134,218.0,4632.0,FEMALE
Gentoo,Biscoe,49.17506151077714,14.831813562892364,216.0,4841.0,FEMALE
Adelie,Dream,35.760519347339,17.027329434968244,188.0,3125.0,FEMALE
Gentoo,Biscoe,45.9143220681906,13.174376488697384,211.0,4569.0,FEMALE
Adelie,Dream,32.712359260863394,15.458725808635654,189.0,2997.0,FEMALE
Chinstrap,Dream,50.33143701973993,19.67444243026331,203.0,4055.0,MALE
Gentoo,Biscoe,41.94181903666818,13.525731552210281,215.0,4982.0,FEMALE
Gentoo,Biscoe,42.45041305398047,13.711719857991616,209.0,3846.0,FEMALE
Chinstrap,Dream,50.64499020146992,19.21270211572442,191.0,3675.0,FEMALE
Adelie,Torgersen,38.37193177271984,17.66609845766303,191.0,3311.0,FEMALE
Chinstrap,Dream,53.76379155498069,20.028333150298476,205.0,4507.0,MALE
Gentoo,Biscoe,42.94032833709196,13.133789183500038,213.0,4993.0,FEMALE
Gentoo,Biscoe,49.28005117176602,16.481724029220327,228.0,5682.0,MALE
Gentoo,Biscoe,49.0290800888232,15.98208581483969,218.0,5919.0,MALE
Adelie,Torgersen,36.86697682360972,19.31210635192066,197.0,3553.0,MALE
Chinstrap,Dream,46.9624380538705,18.080548131083678,195.0,3315.0,FEMALE
Chinstrap,Dream,52.55314745578537,19.51014192038532,212.0,3920.0,MALE
Gentoo,Biscoe,42.84207053200017,14.212158891533786,215.0,4691.0,FEMALE
Gentoo,Biscoe,44.73350177931989,13.140201579864113,213.0,5155.0,FEMALE
Adelie,Dream,40.34920299425108,18.907160706919722,182.0,3768.0,MALE
Gentoo,Biscoe,48.095497044887665,14.500117433299055,203.0,4660.0,FEMALE
Adelie,Biscoe,37.71476719399163,17.281161839674148,193.0,3657.0,FEMALE
Chinstrap,Dream,52.347637238759305,19.5979806775348,196.0,3831.0,MALE
Adelie,Dream,40.331879535282056,19.83388843271728,203.0,4013.0,MALE
Adelie,Biscoe,42.27749813054225,18.52180346859225,194.0,4300.0,MALE
Adelie,Torgersen,42.65795813220771,17.562723502501786,197.0,4742.0,MALE
Adelie,Dream,32.53474356367935,16.160574140124982,180.0,2954.0,FEMALE
Gentoo,Biscoe,43.39359641033896,17.31545763537515,219.0,5279.0,MALE
Chinstrap,Dream,45.46132069705268,17.038208286626862,192.0,3648.0,FEMALE
Gentoo,Biscoe,49.978241651489114,17.365881435101137,228.0,5737.0,MALE
Gentoo,Biscoe,49.7312556894807,15.85027773076527,229.0,6020.0,MALE
Adelie,Biscoe,35.576475718182216,17.781691143568118,203.0,3516.0,FEMALE
Gentoo,Biscoe,50.10945346997591,14.853337997103607,226.0,4932.0,MALE
Gentoo,Biscoe,51.51349285532903,16.42676518400587,229.0,5460.0,MALE
Adelie,Dream,37.11773995923221,17.98885041449615,193.0,3313.0,FEMALE
Adelie,Dream,37.42627400786297,18.2418841929445,179.0,3581.0,FEMALE
Gentoo,Biscoe,48.98497627207445,15.149136437865636,228.0,5450.0,MALE
Adelie,Torgersen,38.945458381813424,19.242380648537527,193.0,3545.0,FEMALE
Adelie,Dream,37.7377484474626,19.377151722833634,182.0,3279.0,FEMALE
Adelie,Biscoe,36.02416490069634,17.922825053651657,202.0,3584.0,FEMALE
Adelie,Torgersen,39.520457243829995,18.09291835027078,193.0,3324.0,FEMALE
Adelie,Torgersen,34.961849948056326,17.584946399086743,197.0,3654.0,FEMALE
Adelie,Torgersen,35.22773153470148,16.47855079349204,190.0,2957.0,FEMALE
Adelie,Torgersen,38.222845004124636,16.98092200582461,181.0,3913.0,MALE
Gentoo,Biscoe,49.689469605380275,16.15826209007203,217.0,5554.0,MALE
Gentoo,Biscoe,42.9093698675012,13.171407007022308,213.0,5006.0,FEMALE
Adelie,Biscoe,40.53345326202851,19.08003851926233,182.0,3443.0,MALE
Gentoo,Biscoe,45.191190101569525,14.45493686235488,207.0,4854.0,FEMALE
Adelie,Dream,41.24482695245589,18.92890437466438,188.0,3326.0,MALE
Adelie,Biscoe,38.077197895074455,17.91441749328807,191.0,3771.0,FEMALE
Adelie,Torgersen,37.42381277410206,18.928134969155938,188.0,3811.0,MALE
Gentoo,Biscoe,44.8578134959225,14.41795911105226,211.0,4849.0,FEMALE
Gentoo,Biscoe,45.87553970037519,15.437265764353565,220.0,4895.0,FEMALE
Adelie,Torgersen,45.905912001303484,21.08565642482116,195.0,4296.0,MALE
Adelie,Torgersen,37.16137055890296,18.110726592131954,189.0,3109.0,FEMALE
Gentoo,Biscoe,49.36773913713344,14.782367588047048,217.0,4831.0,MALE
Adelie,Dream,38.90144101198375,18.723761212391825,180.0,3629.0,MALE
Gentoo,Biscoe,51.26535334963552,15.95666610264945,225.0,5194.0,MALE
Gentoo,Biscoe,51.22604536893202,15.199950254876383,207.0,5519.0,MALE
Adelie,Dream,40.407756231455096,17.728194090951753,192.0,3802.0,FEMALE
Adelie,Biscoe,38.63006038216244,17.226115903227,180.0,3949.0,MALE
Adelie,Dream,44.064321624192935,18.354236942988283,197.0,4038.0,MALE
Chinstrap,Dream,46.75112256392775,18.576036448626418,191.0,4173.0,MALE
Gentoo,Biscoe,45.454491772209835,13.426390093779071,213.0,5192.0,FEMALE
Gentoo,Biscoe,49.841226457101584,14.82699901327983,218.0,5050.0,FEMALE
Gentoo,Biscoe,42.605194149715686,13.776819158658622,209.0,3787.0,FEMALE
Adelie,Biscoe,38.11211773658685,15.946896590771704,182.0,3193.0,FEMALE
Chinstrap,Dream,49.33965207763126,19.682908189225767,210.0,4156.0,MALE
Gentoo,Biscoe,51.63578564257489,17.039547216376924,229.0,5534.0,MALE
Gentoo,Biscoe,48.032297568955826,14.371105487464886,215.0,5777.0,MALE
Adelie,Biscoe,37.612233487817484,18.743230866481206,198.0,3769.0,FEMALE
Gentoo,Biscoe,48.807656864062984,16.423751683148005,218.0,5425.0,MALE
Chinstrap,Dream,46.30843653354107,16.599827813496486,190.0,2801.0,FEMALE
Chinstrap,Dream,51.06073184352295,17.824142662044355,189.0,3356.0,FEMALE
Adelie,Torgersen,37.21293670631087,20.297888950205532,192.0,3666.0,MALE
Chinstrap,Dream,47.690101958786684,16.25430603110044,220.0,5417.0,MALE
Gentoo,Biscoe,48.07823989893526,14.164006274552365,211.0,4948.0,FEMALE
Chinstrap,Dream,48.65665405557104,18.17068026180949,194.0,3660.0,MALE
Adelie,Dream,37.82530825030392,19.151258564127726,182.0,3580.0,FEMALE
Adelie,Dream,41.700131846422295,18.416646211052306,193.0,3817.0,MALE
Adelie,Dream,39.37310492374932,18.965741287772016,191.0,3640.0,MALE
Adelie,Torgersen,36.7678389766089,17.901247271122006,184.0,3887.0,MALE
Adelie,Dream,39.729165907787205,21.263134841495535,195.0,4220.0,MALE
Gentoo,Biscoe,46.25343462700384,15.817876268478773,215.0,5092.0,MALE
Chinstrap,Dream,47.88233892008265,16.554514066315157,200.0,3805.0,FEMALE
Chinstrap,Dream,51.67959586500311,19.14583180964606,195.0,4291.0,MALE
Gentoo,Biscoe,47.29135249814641,14.631011184916622,214.0,5777.0,MALE
Adelie,Dream,37.84693191743214,19.14676486780178,182.0,3403.0,FEMALE
Gentoo,Biscoe,46.569194068587635,13.764177814341988,213.0,5029.0,FEMALE
Gentoo,Biscoe,47.32243646562973,14.290944560959897,209.0,4523.0,FEMALE
Chinstrap,Dream,46.404357576362,18.139146380691734,181.0,3946.0,MALE
Adelie,Torgersen,36.676715976271296,19.351716667124375,198.0,3468.0,FEMALE
Gentoo,Biscoe,50.54524221233574,15.776154583303503,223.0,5363.0,MALE
Gentoo,Biscoe,45.986675465078214,16.04912539641331,215.0,5458.0,MALE
Gentoo,Biscoe,42.97440413729557,14.19687393179111,213.0,4760.0,FEMALE
Adelie,Torgersen,34.126756395313784,17.079311297448246,187.0,3188.0,FEMALE
Adelie,Torgersen,34.63116645736305,21.179547187060404,195.0,4418.0,MALE
Adelie,Dream,37.567315504267455,18.156927721624122,194.0,3556.0,FEMALE
Adelie,Biscoe,40.822520941279436,17.855059500368533,205.0,4211.0,MALE
Chinstrap,Dream,47.88374396383398,17.635189951390963,190.0,3251.0,FEMALE
Gentoo,Biscoe,45.436943525332104,13.924929982892893,213.0,4382.0,FEMALE
Adelie,Torgersen,39.56148606987304,19.44479725841044,194.0,4659.0,MALE
Adelie,Torgersen,40.76511678480161,19.348608552948207,187.0,4104.0,MALE
Adelie,Biscoe,41.360282612925594,21.10046142191117,194.0,4487.0,MALE
Chinstrap,Dream,56.70479969504504,19.699659843927773,202.0,4066.0,MALE
Chinstrap,Torgersen,44.36457216109346,17.731254199612533,201.0,4019.0,MALE
Adelie,Dream,41.21177031435944,17.89684086655841,189.0,3147.0,FEMALE
Adelie,Dream,35.36641060120175,18.08549695216213,194.0,3509.0,FEMALE
Adelie,Dream,37.56502071703458,17.04510542200388,186.0,3284.0,FEMALE
Adelie,Dream,41.22845796156315,17.268317013412894,184.0,3757.0,FEMALE
Adelie,Dream,34.94052268125629,18.019541959267023,192.0,3431.0,FEMALE
Gentoo,Biscoe,48.716420657540155,14.193757397935054,210.0,4380.0,FEMALE
Gentoo,Biscoe,46.88107066120175,15.267779200160769,220.0,5216.0,MALE
Adelie,Biscoe,37.68408971525071,17.023008229130735,188.0,2981.0,FEMALE
Chinstrap,Dream,48.61079513233047,18.312660388997077,193.0,3770.0,MALE
Adelie,Biscoe,38.141485933699855,16.707886042935648,198.0,3781.0,FEMALE
Adelie,Biscoe,35.56363012696433,16.458336027287903,193.0,3386.0,FEMALE
Chinstrap,Dream,45.091748392695266,16.57915809407807,186.0,3353.0,FEMALE
Chinstrap,Dream,49.27185085608733,18.77149641414923,197.0,3754.0,MALE
Gentoo,Biscoe,48.02922196524075,14.752048121204067,212.0,4812.0,FEMALE
Gentoo,Biscoe,46.78404103013667,14.505076733380044,224.0,5040.0,FEMALE
Gentoo,Biscoe,53.30667735107271,15.884014010654397,221.0,5461.0,MALE
Gentoo,Biscoe,50.48145575245984,16.78177524625156,226.0,5354.0,MALE
Adelie,Biscoe,41.709131204886525,18.40471328450636,189.0,3932.0,MALE
Adelie,Dream,36.583760236238604,16.77644088553369,184.0,3365.0,FEMALE
Gentoo,Biscoe,48.2935127124492,14.442191060098992,213.0,4822.0,FEMALE
Adelie,Dream,40.942928908869064,17.70208182847653,182.0,3207.0,FEMALE
Adelie,Biscoe,38.09296552526312,16.534297078876584,195.0,3829.0,FEMALE
Gentoo,Biscoe,48.687804679797765,14.60514609393747,216.0,4551.0,FEMALE
Adelie,Dream,37.41242104841531,16.58433789580798,188.0,3313.0,FEMALE
Chinstrap,Dream,56.44025570592267,19.66645767060976,201.0,3964.0,MALE
Gentoo,Biscoe,49.84163972286878,15.742266374465844,225.0,5743.0,MALE
Adelie,Torgersen,38.22096621494445,19.161109609862105,193.0,3566.0,FEMALE
Gentoo,Biscoe,45.40576632937283,14.646533470246416,207.0,4704.0,FEMALE
Chinstrap,Dream,40.513501644011555,16.5730088752327,187.0,3207.0,FEMALE
Gentoo,Biscoe,50.52218620220318,15.50570787062819,221.0,5459.0,MALE
Adelie,Torgersen,35.13494396344849,16.605688622566674,187.0,2989.0,FEMALE
Chinstrap,Dream,52.78288946334966,19.87550556083266,206.0,4588.0,MALE
Chinstrap,Dream,48.52844685797744,18.39751406110767,194.0,3860.0,MALE
Adelie,Torgersen,37.89685475663987,19.469618372120816,197.0,3530.0,MALE
Adelie,Torgersen,37.80123742348601,17.900842527465613,184.0,3943.0,FEMALE
Adelie,Torgersen,35.12220880989217,16.207326912989306,188.0,3495.0,FEMALE
Chinstrap,Dream,54.61979395093216,20.6919909159064,202.0,4145.0,MALE
Gentoo,Biscoe,46.601287985683285,14.65852333170887,211.0,4833.0,FEMALE
Gentoo,Biscoe,47.433084756650224,14.22594589734589,213.0,5031.0,FEMALE
Adelie,Dream,40.33444859735542,18.04667390211433,190.0,3385.0,FEMALE
Adelie,Torgersen,40.32661016449976,17.10886351916945,188.0,3448.0,FEMALE
Chinstrap,Dream,44.67905277349329,17.11264504580264,198.0,3676.0,FEMALE
Gentoo,Biscoe,46.40812196435593,14.851077861221482,214.0,5176.0,MALE
Adelie,Dream,38.53490303927625,17.807134837575838,183.0,3755.0,FEMALE
Gentoo,Biscoe,52.556777801489005,16.97586478600266,230.0,5557.0,MALE
Gentoo,Biscoe,49.28118314675289,15.000627482063573,213.0,5206.0,FEMALE
Gentoo,Biscoe,51.23593917504475,15.543972684644743,221.0,5515.0,MALE
Adelie,Dream,40.7933829329618,20.389929129018938,194.0,3445.0,MALE
Adelie,Torgersen,38.28535622579978,21.450386234982364,192.0,3856.0,MALE
Gentoo,Biscoe,49.285639063814386,14.249068872786884,211.0,4493.0,FEMALE
Adelie,Dream,41.27134370805853,17.1809078001466,188.0,3444.0,FEMALE
Adelie,Dream,40.62773804959925,18.280772294307955,198.0,4128.0,MALE
Adelie,Dream,41.18843458932307,18.18976054666248,194.0,3845.0,MALE
Gentoo,Biscoe,47.525813008199215,14.76437200206469,215.0,5506.0,MALE
Chinstrap,Dream,46.31780293319517,18.078936466962087,202.0,3386.0,FEMALE
Gentoo,Biscoe,43.04852888697519,13.691724556124482,213.0,4877.0,FEMALE
Adelie,Dream,34.71113605229264,17.242551639899187,188.0,3080.0,FEMALE
Gentoo,Biscoe,49.72491277376197,15.15767118831347,222.0,5306.0,MALE
Gentoo,Biscoe,43.14876886007952,13.243838921813294,208.0,4483.0,FEMALE
Adelie,Torgersen,44.679004463385155,18.770655826827763,208.0,4315.0,MALE
Gentoo,Biscoe,58.57821262909887,17.019351732909048,230.0,6058.0,MALE
Gentoo,Biscoe,46.92822903126009,14.651966155921844,223.0,4894.0,FEMALE
Chinstrap,Dream,49.758208324731385,18.523110271677215,196.0,3743.0,MALE
Gentoo,Biscoe,45.276553747838555,13.933508523633447,210.0,4208.0,FEMALE
Gentoo,Biscoe,50.96243102119314,15.932387211421885,223.0,5628.0,MALE
Adelie,Dream,37.33470114746573,18.26820178865273,185.0,3526.0,FEMALE
Chinstrap,Dream,51.44124380517695,20.60980718183686,193.0,3680.0,MALE
Chinstrap,Dream,50.091384313145475,19.396900244198722,190.0,3693.0,MALE
Gentoo,Biscoe,47.04473105675602,15.345540988772447,220.0,5215.0,MALE
Adelie,Dream,36.27919676539479,18.118459188028684,191.0,3247.0,FEMALE
Chinstrap,Dream,50.28449964880518,20.03484949028929,197.0,3757.0,MALE
Adelie,Biscoe,41.780869036638116,19.805146885754485,196.0,4398.0,MALE
Adelie,Dream,34.871017067458375,18.138259515841643,191.0,3572.0,FEMALE
Gentoo,Biscoe,49.76043769282706,14.281435680248135,211.0,4478.0,FEMALE
Chinstrap,Dream,50.42956725496886,19.68704356065953,198.0,4093.0,MALE
Gentoo,Biscoe,50.19594883286124,14.004686077103104,217.0,5305.0,MALE
Adelie,Biscoe,39.17962679914725,20.66206525895794,190.0,3874.0,FEMALE
Gentoo,Biscoe,50.877115034934214,14.190097757177812,217.0,5687.0,MALE
Gentoo,Biscoe,47.181822623577474,15.075873160302882,223.0,5291.0,MALE
Gentoo,Biscoe,42.41937457733281,13.912925978975183,213.0,4988.0,FEMALE
Gentoo,Biscoe,51.213999405715505,15.41719035807894,219.0,5554.0,MALE
Adelie,Dream,38.29083932355959,19.272675573135157,193.0,3481.0,MALE
Adelie,Dream,38.38907465655088,20.09188950801782,191.0,3952.0,MALE
Adelie,Torgersen,46.78303561558537,21.166066452490014,196.0,4241.0,MALE
Adelie,Torgersen,42.83202623491919,19.250606038967632,195.0,4013.0,MALE
Gentoo,Biscoe,45.5170387756094,13.932322908756507,211.0,4709.0,FEMALE
Adelie,Torgersen,37.58698227372015,17.766697681784667,194.0,3911.0,MALE
Gentoo,Biscoe,41.377077410081434,14.649188162143574,210.0,4731.0,FEMALE
Gentoo,Biscoe,47.095448494610196,13.778008149346915,213.0,5006.0,FEMALE
Adelie,Biscoe,37.883394144090175,18.297858983992477,175.0,3410.0,FEMALE
Adelie,Dream,36.9611974184518,18.473206056618164,193.0,3483.0,FEMALE
Chinstrap,Dream,52.17309461254277,19.404404060605668,196.0,3848.0,MALE
Adelie,Dream,42.86033284859549,18.514812881291732,184.0,3474.0,FEMALE
Gentoo,Biscoe,47.88804364921564,14.703292860265334,214.0,5806.0,MALE
Adelie,Torgersen,35.93768029110001,17.50189602921686,185.0,3780.0,FEMALE
Gentoo,Biscoe,42.25928222395641,13.14541844505004,211.0,4289.0,FEMALE
Chinstrap,Dream,42.531284126424495,16.650103993378725,185.0,3396.0,FEMALE
Adelie,Biscoe,38.77056033528647,18.805386217628463,194.0,2885.0,FEMALE
Chinstrap,Dream,46.947331772768216,17.82663106098732,193.0,3591.0,FEMALE
Adelie,Torgersen,41.25335375884344,17.50434321523515,192.0,3928.0,MALE
Adelie,Dream,34.85033095772211,17.20580608081863,185.0,3388.0,FEMALE
Chinstrap,Dream,55.725207268006045,19.787547354152796,200.0,4127.0,MALE
Chinstrap,Dream,50.6719294569203,20.05589091160659,195.0,3314.0,MALE
Gentoo,Biscoe,47.57488167291465,14.287441549716624,211.0,4874.0,FEMALE
Gentoo,Biscoe,44.56522865950001,13.972731949447232,221.0,4783.0,FEMALE
Gentoo,Biscoe,47.03233970541701,14.719674579451654,213.0,4776.0,FEMALE
Chinstrap,Biscoe,48.5215521543056,16.426742117495056,214.0,5439.0,MALE
Adelie,Torgersen,44.891356707454925,18.6305605780395,210.0,4274.0,FEMALE
Chinstrap,Dream,46.41110060515418,18.06754469193629,191.0,3597.0,FEMALE
Adelie,Torgersen,35.96380160899877,17.656817791536913,191.0,3729.0,FEMALE
Gentoo,Biscoe,47.310605793447934,14.72903672469682,213.0,4823.0,FEMALE
Adelie,Dream,35.73135418602337,17.097198598323306,187.0,3199.0,FEMALE
Gentoo,Biscoe,44.650066117782586,13.775466782431844,210.0,4826.0,FEMALE
Adelie,Dream,32.494746467493435,15.287394963085934,188.0,2909.0,FEMALE
Gentoo,Biscoe,45.61616844411406,14.237415250741995,220.0,4789.0,FEMALE
Gentoo,Biscoe,44.551349688098284,14.530107267431418,209.0,4789.0,FEMALE
Adelie,Torgersen,34.89940902096651,15.628891015996965,184.0,3037.0,FEMALE
Adelie,Dream,36.79956581159491,17.776392187671785,182.0,3679.0,MALE
Adelie,Biscoe,41.02626756875736,18.72305157327623,186.0,3827.0,MALE
Adelie,Torgersen,38.78707212677378,17.251775518545543,180.0,3877.0,MALE
Adelie,Biscoe,38.58613452622464,16.69727576317291,200.0,3869.0,FEMALE
Adelie,Dream,39.90112273682436,18.944827954303623,186.0,3603.0,FEMALE
Gentoo,Biscoe,50.183138937049705,16.43038321463007,227.0,5589.0,MALE
Chinstrap,Dream,52.706720645800694,19.43645389669019,204.0,3814.0,MALE
Gentoo,Biscoe,47.79031776989529,16.287050473765873,229.0,5489.0,MALE
Adelie,Torgersen,39.81618493844668,17.860501776023956,188.0,3359.0,FEMALE
Gentoo,Biscoe,51.8816891326082,17.092853951356076,229.0,5494.0,MALE
Adelie,Biscoe,40.414670259241284,17.91132041704971,187.0,3163.0,FEMALE
Gentoo,Biscoe,47.87247266244109,14.561576174500594,216.0,4679.0,FEMALE
Gentoo,Biscoe,48.808130661605404,16.08275843942799,230.0,5776.0,MALE
Chinstrap,Dream,48.64464001076418,18.90992723519467,193.0,3667.0,FEMALE
Adelie,Biscoe,38.44892558256139,18.765917583937444,195.0,3698.0,MALE
Adelie,Dream,38.466203650425214,20.0908947736436,190.0,3922.0,MALE
Gentoo,Biscoe,44.6197776339025,14.558525076146639,208.0,5199.0,FEMALE
Gentoo,Biscoe,50.730072678568696,15.69602771816033,223.0,5332.0,MALE
Gentoo,Biscoe,49.076668467879955,15.007220245696718,215.0,5158.0,FEMALE
Adelie,Biscoe,38.12719435060172,16.947006690405537,178.0,3941.0,MALE
Gentoo,Biscoe,45.54257736071206,14.717915287581985,208.0,5183.0,FEMALE
Adelie,Dream,36.899189556595836,18.06927369076802,182.0,3165.0,FEMALE
Adelie,Biscoe,38.81175534619183,19.880328286825918,192.0,3782.0,MALE
Chinstrap,Dream,52.18891464649606,20.268914460273205,190.0,3674.0,MALE
Gentoo,Biscoe,43.742384070677346,13.548766605114988,215.0,4873.0,FEMALE
Adelie,Dream,37.094429880076156,17.045162490440685,193.0,3413.0,FEMALE
Chinstrap,Dream,46.31456489726454,17.700277403683906,198.0,3749.0,FEMALE
Chinstrap,Dream,51.520945214726346,19.63357897474424,205.0,3842.0,MALE
Adelie,Dream,39.91347822570222,21.191521161068696,194.0,4158.0,MALE
Chinstrap,Dream,57.70530148377665,17.816452507392153,194.0,3702.0,MALE
Chinstrap,Dream,56.55927892563906,19.4465667417989,199.0,4023.0,MALE
Gentoo,Biscoe,43.274775046802276,13.999249908409821,207.0,4630.0,FEMALE
Adelie,Dream,42.97870206242809,18.48098257198589,196.0,4111.0,MALE
Gentoo,Biscoe,48.324094165705,16.098226055179115,199.0,3347.0,FEMALE
Adelie,Biscoe,38.86072018612514,18.082905854015184,183.0,3747.0,FEMALE
Adelie,Dream,41.549735242438516,18.905659191157888,188.0,3242.0,MALE
Chinstrap,Dream,42.66138386374095,17.357459696876465,192.0,3282.0,FEMALE
Adelie,Dream,41.46409491797637,19.21466440337428,188.0,4038.0,MALE
Adelie,Dream,35.56363505019318,18.142963212533942,184.0,3144.0,FEMALE
Chinstrap,Dream,49.68004758037092,18.502055176420722,193.0,3746.0,MALE
Chinstrap,Dream,54.36005026830363,20.894476390584636,203.0,4172.0,MALE
Adelie,Dream,41.425406896241284,17.617242965644028,181.0,3163.0,FEMALE
Adelie,Dream,36.83629695557747,18.34594503730483,193.0,3517.0,FEMALE
Chinstrap,Dream,46.89034730428388,16.749977239705313,192.0,2817.0,FEMALE
Gentoo,Biscoe,50.60127157561676,15.171120432158142,222.0,5402.0,MALE
Adelie,Dream,38.685643251381954,19.2150092402537,195.0,3428.0,FEMALE
Adelie,Dream,39.07859192967552,18.927376300302225,191.0,4156.0,FEMALE
Adelie,Dream,34.91138124495857,17.86407908578579,195.0,3491.0,FEMALE
Adelie,Torgersen,36.13464817576091,16.920963669180946,189.0,3168.0,FEMALE
Gentoo,Biscoe,52.01847701352951,16.882160749893703,228.0,5532.0,MALE
Adelie,Dream,37.46397317451724,16.55519311717936,191.0,2997.0,FEMALE
Adelie,Torgersen,34.77407697133785,19.33220647151306,193.0,3619.0,MALE
Chinstrap,Dream,53.6414528346265,19.950828094298185,205.0,4656.0,MALE
Gentoo,Biscoe,50.76122063587853,15.294338782010735,224.0,5471.0,MALE
Adelie,Torgersen,39.27197165314686,18.34816477782312,201.0,3927.0,MALE
Gentoo,Biscoe,45.97852980153614,15.177699731447252,219.0,5251.0,MALE
Gentoo,Biscoe,51.101667045738125,17.513770948269492,227.0,5648.0,MALE
Gentoo,Biscoe,51.19706159299398,15.763166098285465,227.0,5521.0,MALE
Chinstrap,Dream,51.04666910220547,19.01255075222255,194.0,3713.0,MALE
Adelie,Torgersen,38.560440845005985,17.5409401120049,191.0,3333.0,MALE
Adelie,Biscoe,38.17765278460288,18.235027931409817,173.0,3406.0,FEMALE
Adelie,Torgersen,35.26980343628706,17.03434963363931,184.0,3386.0,FEMALE
Gentoo,Biscoe,41.88098673150185,13.680088194023872,217.0,4967.0,FEMALE
Adelie,Torgersen,40.93570909109923,16.778437421628087,189.0,3182.0,FEMALE
Gentoo,Biscoe,46.62826783959067,14.457284114814692,209.0,4755.0,FEMALE
Adelie,Dream,40.24396080181408,18.95307473483466,184.0,3692.0,FEMALE
Adelie,Biscoe,38.886662807830064,20.131802988544276,191.0,3893.0,MALE
Adelie,Torgersen,35.42150664524376,17.502070207127943,186.0,3751.0,FEMALE
Adelie,Dream,40.48641510863488,18.50979928633764,194.0,3816.0,MALE
Adelie,Torgersen,40.03900075714824,18.710850551715623,192.0,4582.0,MALE
Adelie,Biscoe,42.734634094778535,19.561422746905794,203.0,3993.0,MALE
Chinstrap,Dream,44.517213663183874,17.354335035004347,186.0,3635.0,FEMALE
Gentoo,Biscoe,47.83923807380903,15.526993559674718,214.0,5046.0,MALE
Adelie,Dream,41.293824893410516,18.30850091419462,197.0,3981.0,MALE
Gentoo,Biscoe,44.516434572509375,14.57010627183939,207.0,5176.0,FEMALE
Adelie,Torgersen,40.23901323592722,20.437806839466333,199.0,3659.0,MALE
Adelie,Dream,37.548083418951826,18.415596363379855,180.0,3475.0,FEMALE
Gentoo,Biscoe,41.343496311622154,13.677054141055844,215.0,4526.0,FEMALE
Chinstrap,Dream,56.95799049202123,18.104661756982473,181.0,3704.0,FEMALE
Adelie,Torgersen,39.07170301557999,17.061407348785647,177.0,3495.0,FEMALE
Adelie,Torgersen,36.7189733078792,18.71086987069647,187.0,3790.0,MALE
Gentoo,Biscoe,47.26539407316586,14.948368783163101,226.0,4929.0,FEMALE
Adelie,Torgersen,38.07833187501597,18.041844203025367,195.0,3925.0,FEMALE
Gentoo,Biscoe,49.98870083180533,14.357083767793359,217.0,5716.0,MALE
Gentoo,Biscoe,48.564694830156334,14.72393615144656,213.0,5935.0,MALE
Adelie,Dream,35.97613421121969,18.341485549356875,184.0,3214.0,FEMALE
Adelie,Biscoe,40.44696171578251,17.842370924284037,193.0,3870.0,MALE
Gentoo,Biscoe,51.20347325129081,15.387314562833248,223.0,5543.0,MALE
Adelie,Dream,37.88596980500552,19.124486532299297,183.0,3561.0,FEMALE
Gentoo,Biscoe,47.50658734762036,14.042283461929822,208.0,4574.0,FEMALE
Gentoo,Biscoe,44.02641882510215,13.178515184450548,210.0,4390.0,FEMALE
Gentoo,Biscoe,47.140110618723504,13.921467808499933,218.0,4961.0,FEMALE
Adelie,Torgersen,33.6443836666902,17.089708179951106,187.0,3320.0,FEMALE
Adelie,Torgersen,37.60987877997187,19.026189446941498,201.0,3892.0,MALE
Gentoo,Biscoe,50.482553952358785,15.781240776252975,224.0,5726.0,MALE
Adelie,Torgersen,36.25889376984971,20.40326110523361,193.0,3765.0,MALE
Gentoo,Biscoe,46.68166632667323,15.41568450133462,220.0,4976.0,MALE
Gentoo,Biscoe,47.03136646185141,13.511617356337752,211.0,4594.0,FEMALE
Adelie,Dream,36.48211359083143,18.130186068561102,181.0,3639.0,FEMALE
Adelie,Biscoe,35.0045376742665,17.95767552649952,190.0,3672.0,MALE
Gentoo,Biscoe,44.94861821009059,16.299598440622354,219.0,5980.0,MALE
Gentoo,Biscoe,47.16886084083506,15.063764211443818,221.0,5171.0,MALE
Adelie,Dream,39.15396682983944,18.770933316727778,197.0,3697.0,FEMALE
Gentoo,Biscoe,43.05396398314212,13.724404784423974,216.0,4888.0,FEMALE
Gentoo,Biscoe,50.47307982117417,14.912100054454248,230.0,5430.0,MALE
Gentoo,Biscoe,45.125884303795154,13.387247130577931,213.0,5045.0,FEMALE
Gentoo,Biscoe,47.62736898070184,14.398596016899807,211.0,4700.0,FEMALE
Chinstrap,Dream,49.88854941079627,18.27320100341434,195.0,4431.0,MALE
Adelie,Dream,40.29245335560781,18.9342109949806,209.0,4255.0,MALE
Adelie,Biscoe,35.72438409644815,17.81549882340969,191.0,3515.0,FEMALE
Gentoo,Biscoe,46.10306263149084,15.186384598770495,217.0,4822.0,FEMALE
Adelie,Biscoe,36.21530870933915,19.3933512832256,201.0,3878.0,FEMALE
Chinstrap,Dream,45.99104810437701,18.801660718500422,191.0,3466.0,FEMALE
Adelie,Biscoe,43.89866789969186,18.996983111729705,197.0,4818.0,MALE
Adelie,Dream,36.44005420761414,16.499260842879522,191.0,2946.0,FEMALE
Gentoo,Biscoe,44.334303556956534,14.444126687829796,204.0,4508.0,FEMALE
Adelie,Torgersen,41.65030778830647,16.597260858677327,192.0,3639.0,FEMALE
Adelie,Biscoe,38.70603665975015,19.86750544887741,190.0,4220.0,MALE
Adelie,Torgersen,46.284350700668675,21.414828524689618,194.0,4250.0,MALE
Gentoo,Biscoe,43.43390319869223,17.452944919406402,220.0,5360.0,MALE
Adelie,Torgersen,38.63793031817618,16.978168153317363,178.0,3935.0,MALE
Gentoo,Biscoe,44.875206838824866,15.63835142555385,217.0,4999.0,.
Adelie,Torgersen,36.802204894549355,18.720722180936654,186.0,3915.0,MALE
Chinstrap,Dream,51.41360155574113,18.981892826813873,196.0,4246.0,MALE
Adelie,Torgersen,37.781821489346484,19.02892640922243,202.0,3815.0,MALE
Chinstrap,Dream,50.00325572838244,18.393951114225903,197.0,3720.0,MALE
Gentoo,Biscoe,43.20714154012861,15.592677072757807,214.0,4625.0,FEMALE
Gentoo,Biscoe,47.32566533037669,14.863733687209017,209.0,5448.0,MALE
Gentoo,Biscoe,50.55281859048945,16.771245706794843,224.0,5287.0,MALE
Adelie,Torgersen,34.23231861925148,21.163036318839055,195.0,4373.0,MALE
Gentoo,Biscoe,44.11870837732252,14.360627981413101,211.0,4679.0,FEMALE
Gentoo,Biscoe,48.79563977653332,15.996545979387957,229.0,6065.0,MALE
Gentoo,Biscoe,40.930509525982956,14.715365669834506,208.0,4745.0,FEMALE
Adelie,Dream,38.47582830144112,19.008047060709533,182.0,3275.0,FEMALE
Adelie,Biscoe,37.716264080376035,18.634396821028826,185.0,3661.0,MALE
Gentoo,Biscoe,46.461615338326034,14.878406389767816,223.0,5263.0,MALE
Gentoo,Biscoe,44.982727053954726,13.9098949731475,210.0,4830.0,FEMALE
Adelie,Dream,40.27978140229479,18.72041022017127,184.0,3634.0,FEMALE
Adelie,Biscoe,37.6795535316139,18.05910033777472,190.0,3668.0,FEMALE
Chinstrap,Dream,49.16186105412683,19.58304168379488,205.0,3876.0,MALE
Chinstrap,Dream,56.04868503471978,19.560122760012355,208.0,4005.0,MALE
Adelie,Dream,37.22624819382456,18.041446183005736,179.0,3810.0,MALE
Gentoo,Biscoe,44.915922628952444,13.77861961857159,211.0,4313.0,FEMALE
Gentoo,Biscoe,51.63048662942607,16.153113431572855,214.0,5563.0,MALE
Adelie,Biscoe,38.003303525853674,17.124780451251336,184.0,3605.0,MALE
Gentoo,Biscoe,47.87247037086787,14.655618196981667,214.0,5496.0,MALE
Gentoo,Biscoe,48.53161895316098,15.127372798485135,227.0,4868.0,MALE
Adelie,Torgersen,38.69521090629955,19.684415213246965,196.0,3498.0,MALE
Gentoo,Biscoe,50.35583408794715,15.049113769951752,207.0,5420.0,MALE
Adelie,Biscoe,41.11749968404044,20.070278983839998,202.0,4825.0,MALE
Gentoo,Biscoe,50.92127541740673,13.97866139863224,218.0,5616.0,MALE
Gentoo,Biscoe,46.94402858906293,15.176979405010997,221.0,5274.0,MALE
Adelie,Dream,36.838476027931044,17.180233602400605,190.0,2895.0,FEMALE
Adelie,Biscoe,40.898318244553344,17.834605874345716,187.0,3234.0,FEMALE
Chinstrap,Dream,46.90550602137926,18.01078729152379,190.0,3330.0,FEMALE
Adelie,Biscoe,42.31861018140066,19.660743323149433,197.0,4396.0,MALE
Gentoo,Biscoe,48.940941794733384,15.05671760720819,218.0,5140.0,FEMALE
Adelie,Dream,35.473489668354645,17.039141767822038,187.0,3092.0,FEMALE
Gentoo,Biscoe,48.51351888864938,14.600733859016492,215.0,5544.0,MALE
Adelie,Torgersen,35.04603029630058,16.317211436884147,187.0,3472.0,FEMALE
Chinstrap,Dream,51.98584861247492,19.484695548988075,206.0,3932.0,MALE
Adelie,Dream,37.1012923460002,16.673365109042493,190.0,3013.0,FEMALE
Chinstrap,Dream,49.26452098386864,18.19054349523061,195.0,4373.0,MALE
Adelie,Dream,35.13000486850926,17.76432280921275,195.0,3507.0,FEMALE
Adelie,Torgersen,33.47753434584654,17.2626454415868,188.0,3293.0,FEMALE
Chinstrap,Dream,50.93611360372973,19.452309834314722,212.0,3949.0,MALE
Gentoo,Biscoe,46.70076133728225,13.89517212814115,214.0,5013.0,FEMALE
Gentoo,Biscoe,47.23569289297431,14.55731566380742,209.0,4777.0,FEMALE
Adelie,Dream,38.010520166399914,17.49105909861673,188.0,3544.0,FEMALE
Adelie,Dream,33.15687210687141,16.182722434208767,179.0,2894.0,FEMALE
Gentoo,Biscoe,45.33976552049886,16.214811440906395,221.0,6084.0,MALE
Adelie,Torgersen,36.974661159422965,18.71843759993457,203.0,3844.0,MALE
Chinstrap,Dream,51.56480402598744,18.797292837741114,188.0,3288.0,MALE
Adelie,Torgersen,42.69615430912457,19.12094919401733,187.0,4019.0,MALE
Chinstrap,Dream,51.99822301735923,19.325229862649547,198.0,4300.0,MALE
Gentoo,Biscoe,45.40749577607445,14.45809593506602,214.0,4699.0,FEMALE
Adelie,Biscoe,41.3951235254948,18.664357451553947,189.0,3418.0,MALE
Gentoo,Biscoe,44.79449874198171,13.721831649583521,212.0,4223.0,FEMALE
Adelie,Torgersen,41.39774314300936,17.692734139206397,181.0,3173.0,FEMALE
Gentoo,Biscoe,46.235121528946536,14.790044583139862,214.0,5131.0,FEMALE
Adelie,Torgersen,43.07802081353759,19.70383371854552,195.0,4331.0,MALE
Adelie,Biscoe,40.516143464828716,17.722522766828796,187.0,3198.0,FEMALE
Gentoo,Biscoe,45.69011227577308,14.530041289497923,215.0,4752.0,FEMALE
Gentoo,Biscoe,51.40575229693464,17.20096704487212,229.0,5487.0,MALE
Chinstrap,Dream,42.0777917502287,16.647353231117673,184.0,3388.0,FEMALE
Gentoo,Biscoe,50.698390124548396,15.800385350147225,214.0,5096.0,MALE
Adelie,Biscoe,39.774722252236316,17.40635106817214,185.0,3445.0,FEMALE
Gentoo,Biscoe,45.019823104413625,14.559540168041115,212.0,4688.0,FEMALE
Adelie,Torgersen,44.61529362631222,18.65586898986386,187.0,4264.0,FEMALE
Gentoo,Biscoe,47.572336118008984,14.899078941726613,219.0,4692.0,MALE
Gentoo,Biscoe,46.23967019280818,13.794383295656724,213.0,4967.0,FEMALE
Adelie,Dream,38.638431425018254,19.231767763580272,189.0,3792.0,FEMALE
Chinstrap,Torgersen,41.59956469718026,16.850409116465592,188.0,3080.0,FEMALE
Gentoo,Biscoe,49.41868863379383,16.446925014177438,228.0,5831.0,MALE
Gentoo,Biscoe,47.27374507782516,14.99939968114711,217.0,4733.0,FEMALE
Gentoo,Biscoe,48.31432514850735,13.976773735275826,209.0,4519.0,FEMALE
Gentoo,Biscoe,43.52020540765489,14.485959299592398,211.0,4490.0,FEMALE
Gentoo,Biscoe,49.06734930882234,15.83747805614009,217.0,5930.0,MALE
Gentoo,Biscoe,46.57900497676245,16.32272841521768,215.0,5573.0,MALE
Adelie,Dream,32.44243969041639,15.597402844762644,188.0,3056.0,FEMALE
Chinstrap,Dream,53.98996987080388,19.8851451221405,204.0,4664.0,MALE
Chinstrap,Dream,46.07488779271862,18.5754075747763,187.0,3522.0,FEMALE
Adelie,Dream,39.545391800692634,18.085414986767994,206.0,4213.0,MALE
Chinstrap,Dream,50.37332643057241,20.158169034625214,196.0,3374.0,MALE
Adelie,Torgersen,39.68977189052722,19.72161427615594,193.0,4594.0,MALE
Gentoo,Biscoe,45.26422497923827,16.23681232246701,224.0,5981.0,MALE
Gentoo,Biscoe,48.08731707251916,15.064667895725409,224.0,5540.0,MALE
Chinstrap,Dream,49.330641730277215,19.992817074420763,201.0,3989.0,MALE
Adelie,Biscoe,38.164856190711454,16.96066169627275,200.0,3717.0,MALE
Chinstrap,Dream,43.97256676701764,17.88417538136092,192.0,3411.0,FEMALE
Gentoo,Biscoe,45.02969270530688,13.85055957032893,213.0,4776.0,FEMALE
Gentoo,Biscoe,44.17050660619932,13.436779361250313,209.0,4346.0,FEMALE
Gentoo,Biscoe,45.55874395972561,13.923676475751137,215.0,4745.0,FEMALE
Gentoo,Biscoe,42.126849481152384,13.892820192568994,217.0,4952.0,FEMALE
Gentoo,Biscoe,49.11123094488919,16.32647550544529,216.0,5478.0,MALE
Gentoo,Biscoe,50.83961499567697,16.67878304957457,225.0,5247.0,MALE
Gentoo,Biscoe,58.44097120478403,17.18404934985773,230.0,6048.0,MALE
Gentoo,Biscoe,49.558418905107025,14.436945507512005,210.0,4658.0,FEMALE
Gentoo,Biscoe,44.99946316034848,14.747695503145207,209.0,5215.0,FEMALE
Gentoo,Biscoe,52.162710902790884,17.179282161277175,229.0,5433.0,MALE
Adelie,Torgersen,33.66685801144293,21.32968393329331,194.0,4438.0,MALE
Chinstrap,Dream,49.51885528088415,18.322297521262634,195.0,3604.0,MALE
Adelie,Torgersen,35.33682955834384,19.666087467441475,193.0,4167.0,MALE
Adelie,Torgersen,38.24991516728495,19.23942506572043,187.0,3872.0,MALE
Chinstrap,Dream,51.92077267616811,19.357518733132967,188.0,3889.0,FEMALE
Adelie,Torgersen,39.63048346599326,17.11970925055518,185.0,2925.0,FEMALE
Chinstrap,Dream,44.055206495260116,16.549618403994938,190.0,3012.0,FEMALE
Chinstrap,Dream,54.537580243144106,20.845379331661917,202.0,4301.0,MALE
Adelie,Dream,41.246574911235506,17.402046774512964,191.0,3955.0,MALE
Gentoo,Biscoe,51.43280539781209,17.260079070878525,229.0,5419.0,MALE
Adelie,Dream,36.63775458463554,18.494280842046656,179.0,3543.0,FEMALE
Gentoo,Biscoe,52.37466332395631,17.113444028102325,228.0,5494.0,MALE
Adelie,Dream,37.67205808233534,19.062484458388507,202.0,3906.0,MALE
Gentoo,Biscoe,42.57907051851308,13.958287645475203,209.0,4848.0,FEMALE
Gentoo,Biscoe,43.13512684899328,13.996351170554734,220.0,4732.0,FEMALE
Chinstrap,Dream,53.37335219392612,20.00615209793408,207.0,4659.0,MALE
Gentoo,Biscoe,47.07174943510603,14.643165712924215,223.0,4876.0,FEMALE
Chinstrap,Dream,43.113901379246705,16.554079203885415,187.0,2887.0,FEMALE
Adelie,Biscoe,38.32438852839915,18.847498546881994,194.0,3047.0,FEMALE
Gentoo,Biscoe,45.94137814078094,13.882018741261767,214.0,4907.0,FEMALE
Adelie,Dream,41.54227594220555,18.458041254256692,198.0,4088.0,MALE
Adelie,Dream,39.918657718079544,17.89872153958928,194.0,3280.0,FEMALE
Gentoo,Biscoe,50.995186552936964,14.211205721097496,218.0,5686.0,MALE
Chinstrap,Dream,41.269885422425595,16.87511432185981,191.0,3661.0,FEMALE
Gentoo,Biscoe,48.60883224883495,15.15187287320845,216.0,5170.0,FEMALE
Adelie,Dream,34.90661956060461,17.8620227927509,190.0,3554.0,FEMALE
Gentoo,Biscoe,42.57870560553032,13.38788776249216,210.0,4302.0,FEMALE
Adelie,Torgersen,37.59956704766825,18.62854873818538,186.0,3925.0,MALE
Adelie,Torgersen,36.05057745375122,16.27409475784123,189.0,3501.0,FEMALE
Gentoo,Biscoe,50.937067984247385,15.769744265238588,225.0,5063.0,MALE
Gentoo,Biscoe,50.97476243722065,16.224021453739283,218.0,6061.0,MALE
Gentoo,Biscoe,40.66169465607729,13.704337518630997,214.0,4579.0,FEMALE
Chinstrap,Dream,49.63346915943674,17.578557834724794,195.0,3728.0,FEMALE
Adelie,Biscoe,37.99589564418723,20.175318323050266,191.0,3958.0,MALE
Chinstrap,Dream,45.99500786715579,18.336800173731714,180.0,3300.0,FEMALE
Adelie,Torgersen,39.6087304812668,18.201565611007105,189.0,3860.0,MALE
Gentoo,Biscoe,46.30401918722823,15.51674479475308,219.0,5102.0,MALE
Gentoo,Biscoe,47.45635117314537,14.675690064470643,215.0,5458.0,MALE
Adelie,Biscoe,40.92985110220318,18.960615000674792,198.0,4184.0,MALE
Adelie,Dream,37.45865134332533,16.6255035228975,178.0,3304.0,FEMALE
Adelie,Dream,36.82349662578498,16.654829183945484,186.0,3305.0,FEMALE
Chinstrap,Dream,57.46502635596838,17.947050211490755,183.0,3665.0,FEMALE
Gentoo,Biscoe,49.574638166485826,14.314691826511234,211.0,4491.0,FEMALE
Gentoo,Biscoe,46.570722571459406,13.815770937499204,214.0,4928.0,FEMALE
Chinstrap,Dream,52.90268167359524,19.828936811913387,204.0,4503.0,MALE
Gentoo,Biscoe,45.72678954662296,13.607075528776486,214.0,4494.0,FEMALE
Chinstrap,Dream,49.2106709622227,19.338635836043814,202.0,3885.0,MALE
Adelie,Biscoe,41.43533939143487,18.805899003291405,195.0,4195.0,MALE
Adelie,Dream,38.13470330378059,18.927041555733258,196.0,3743.0,MALE
Adelie,Dream,42.834413275878454,18.312787637763876,201.0,3964.0,MALE
Gentoo,Biscoe,47.760612572010245,14.028396512612842,208.0,4654.0,FEMALE
Adelie,Dream,36.527719342290816,18.561739105310213,192.0,3801.0,MALE
Adelie,Torgersen,43.36976766701042,18.138341402716048,195.0,3244.0,FEMALE
Chinstrap,Dream,52.64254763596408,19.0372802439552,197.0,4166.0,MALE
Adelie,Torgersen,37.031479105548904,19.25004688159153,194.0,3570.0,FEMALE
Gentoo,Biscoe,48.668465739455115,16.245677742284727,229.0,5769.0,MALE
Adelie,Torgersen,36.75897794474482,19.139662744167776,195.0,3584.0,FEMALE
Gentoo,Biscoe,43.42179023322178,13.3256249030511,208.0,4373.0,FEMALE
Chinstrap,Dream,44.591403463837786,16.492879095331098,190.0,3275.0,FEMALE
Adelie,Biscoe,37.85678931921694,20.22741436501445,190.0,3898.0,MALE
Adelie,Dream,43.17836190999932,18.346949515312616,189.0,4004.0,MALE
Adelie,Dream,39.85235123881364,16.46642159704612,191.0,3342.0,FEMALE
Adelie,Biscoe,39.21338906415152,17.476124241196704,189.0,3558.0,FEMALE
Gentoo,Biscoe,48.06482232983485,14.678024800205266,215.0,4800.0,FEMALE
Chinstrap,Dream,46.69219677835044,17.431075141244825,192.0,3657.0,FEMALE
Adelie,Dream,33.06927010226742,15.512909411711684,188.0,2994.0,FEMALE
Adelie,Torgersen,35.55416314459072,15.942292342331765,186.0,2993.0,FEMALE
Adelie,Torgersen,35.241082986710346,16.140430701954834,189.0,3424.0,FEMALE
Gentoo,Biscoe,41.55650399915173,13.926548444208015,215.0,4583.0,FEMALE
Gentoo,Biscoe,43.585472737369834,14.37171327476886,208.0,4434.0,FEMALE
Chinstrap,Dream,53.355154696845766,20.182714303303527,206.0,4569.0,MALE
Gentoo,Biscoe,45.3438342186295,14.57531263108816,209.0,4349.0,FEMALE
Gentoo,Biscoe,49.30967090998024,15.684419385162114,216.0,5924.0,MALE
Chinstrap,Dream,51.29014397927899,18.248525037216233,195.0,3602.0,MALE
Gentoo,Biscoe,44.41273680647742,14.609277262596818,202.0,4656.0,FEMALE
Adelie,Dream,37.50341979458796,16.99695200881938,185.0,3270.0,FEMALE
Adelie,Torgersen,34.75935498078973,19.332136852085753,193.0,3778.0,FEMALE
Chinstrap,Dream,46.64882018640696,17.392201975887577,194.0,3764.0,FEMALE
Gentoo,Biscoe,50.64902783762876,16.201305744896167,229.0,5597.0,MALE
Gentoo,Biscoe,45.44316062390076,13.73286153055361,215.0,4638.0,FEMALE
Adelie,Torgersen,39.27120194035502,20.3827046447686,190.0,3720.0,MALE
Adelie,Torgersen,39.34057405392135,18.066139977335162,195.0,4296.0,MALE
Adelie,Torgersen,39.0352349737455,17.83083052585235,194.0,4229.0,MALE
Gentoo,Biscoe,47.448929121017294,13.97737041278544,212.0,4916.0,FEMALE
Chinstrap,Dream,47.230327506165864,18.205009779129366,194.0,3922.0,MALE
Chinstrap,Dream,46.75011291771981,17.983317091206874,188.0,3373.0,FEMALE
Adelie,Torgersen,41.918059609924065,18.376696313051262,190.0,4057.0,MALE
Adelie,Dream,40.056684100167075,18.58658529520923,209.0,4317.0,MALE
Gentoo,Biscoe,46.785692994337374,16.457080648701428,220.0,5539.0,MALE
Gentoo,Biscoe,49.93467921586243,15.821365065742834,230.0,5849.0,MALE
Gentoo,Biscoe,46.39520741955885,14.494163624509596,215.0,4847.0,FEMALE
Adelie,Dream,40.2419138809952,18.866248208629408,195.0,4231.0,MALE
Gentoo,Biscoe,45.09884323693936,14.370202580757224,213.0,4292.0,FEMALE
Chinstrap,Dream,49.066817642274785,17.482384640835264,186.0,3609.0,FEMALE
Gentoo,Biscoe,43.24071594613595,15.479053812421801,214.0,4523.0,FEMALE
Gentoo,Biscoe,48.43889425447381,15.184097214461143,229.0,5438.0,MALE
Chinstrap,Dream,53.81783646802356,20.139887866821375,205.0,4542.0,MALE
Gentoo,Biscoe,43.54402734273571,13.891766868033045,214.0,4885.0,FEMALE
Adelie,Torgersen,42.351648529272744,19.449940481009403,202.0,3967.0,MALE
Adelie,Dream,36.67207226549322,17.06050365436159,186.0,2981.0,FEMALE
Adelie,Biscoe,37.63964003523988,15.633351978542766,183.0,3166.0,FEMALE
Gentoo,Biscoe,48.660984722423784,14.474237563095611,210.0,4631.0,FEMALE
Adelie,Torgersen,40.856968173087836,17.461404683355095,190.0,3891.0,MALE
Adelie,Torgersen,39.26318807617708,17.024404853898915,191.0,2962.0,FEMALE
Chinstrap,Dream,49.32120757941457,18.716971134683448,196.0,3681.0,FEMALE
Chinstrap,Dream,50.233204424018226,19.737293601986813,207.0,3963.0,MALE
Chinstrap,Dream,50.25222968139131,17.799608325756513,187.0,3351.0,FEMALE
Adelie,Dream,41.274918336811744,18.90628815626742,187.0,4254.0,MALE
Adelie,Dream,41.36145365304736,20.467606856562455,193.0,3533.0,MALE
Adelie,Dream,38.029319131826895,18.702272953960783,183.0,3773.0,MALE
Chinstrap,Dream,53.90749229922089,20.05193902228669,204.0,4627.0,MALE
Chinstrap,Biscoe,47.575128865151605,16.107797799567695,195.0,3278.0,FEMALE
Chinstrap,Dream,50.447918017387146,19.60809099483632,211.0,3890.0,MALE
Gentoo,Biscoe,50.95466053675821,15.62922038471405,224.0,5500.0,MALE
Chinstrap,Dream,50.03619148932766,19.7624495326601,198.0,4081.0,MALE
Gentoo,Biscoe,44.38450225765976,13.23926403461263,210.0,4427.0,FEMALE
Chinstrap,Dream,51.44946438120799,20.38449803872573,198.0,3736.0,MALE
Adelie,Biscoe,38.23378020603983,17.297963838888077,188.0,2962.0,FEMALE
Gentoo,Biscoe,45.47133163569512,15.877651407388754,216.0,4962.0,.
Gentoo,Biscoe,43.1652692356041,14.115414551654672,209.0,4847.0,FEMALE
Adelie,Biscoe,35.96237869275112,18.052075822936672,192.0,3468.0,FEMALE
Adelie,Torgersen,37.5709783470532,20.26841917697817,192.0,3719.0,MALE
Chinstrap,Dream,57.48320355009399,17.959611765770315,182.0,3733.0,FEMALE
Adelie,Torgersen,37.76241999989541,17.938694404002536,191.0,3748.0,FEMALE
Adelie,Biscoe,37.712030869026286,16.821715830561345,199.0,3883.0,FEMALE
Gentoo,Biscoe,47.36075434972431,14.606204143865927,214.0,5935.0,MALE
Adelie,Biscoe,38.65248188943765,18.763814414401033,195.0,3773.0,MALE
Chinstrap,Dream,49.16926766664422,18.358494860776272,192.0,3692.0,MALE
Adelie,Biscoe,44.36394696752367,19.308396869404795,194.0,3501.0,FEMALE
Gentoo,Biscoe,50.58087969211892,15.345874734227825,224.0,5419.0,MALE
Adelie,Dream,36.331072051448835,18.794271553838716,178.0,3886.0,MALE
Gentoo,Biscoe,46.43703643283725,15.497103914552373,213.0,4916.0,MALE
Adelie,Torgersen,35.88788835346014,17.298133290815503,189.0,3184.0,FEMALE
Chinstrap,Dream,42.86534033691434,17.591347362090737,190.0,3369.0,FEMALE
Adelie,Dream,39.02910856897764,18.12398589191336,192.0,3396.0,FEMALE
Gentoo,Biscoe,48.84803541297746,14.947593717758284,228.0,5534.0,MALE
Adelie,Dream,39.64876849653251,18.815688016960923,184.0,3746.0,FEMALE
Chinstrap,Dream,43.27611753218346,18.033023840072552,195.0,3391.0,FEMALE
Adelie,Torgersen,42.92275238267049,20.806334698843536,196.0,4679.0,MALE
Gentoo,Biscoe,49.884883721613456,15.733053474297515,228.0,5819.0,MALE
Gentoo,Biscoe,47.6644458727365,15.608589906660661,219.0,5146.0,MALE
Gentoo,Biscoe,43.69791006350903,13.666384268619215,217.0,4960.0,FEMALE
Gentoo,Biscoe,50.74094933857758,15.199959124400142,227.0,4963.0,FEMALE
Adelie,Biscoe,37.992570462739934,18.91795381355534,196.0,3720.0,MALE
Adelie,Torgersen,42.4689790840069,19.49074860822861,198.0,4489.0,MALE
Adelie,Dream,36.501629437526454,18.06785207339949,185.0,3783.0,FEMALE
Chinstrap,Dream,47.63288172050576,16.87312339316275,200.0,3836.0,FEMALE
Gentoo,Biscoe,45.082452495633056,14.476264494178153,207.0,5123.0,FEMALE
Gentoo,Biscoe,45.306421115512826,14.639070853784665,212.0,4773.0,FEMALE
Gentoo,Biscoe,46.58722691086859,13.423227473647831,211.0,4663.0,FEMALE
Adelie,Dream,39.33385846800917,17.754978439489904,187.0,3330.0,FEMALE
Gentoo,Biscoe,46.16870832869983,15.544119358046311,221.0,5083.0,MALE
Adelie,Torgersen,36.38825407546348,19.109511507498738,193.0,3574.0,FEMALE
Gentoo,Biscoe,51.052303749351736,15.916680354389968,219.0,5493.0,MALE
Adelie,Dream,36.360988553891275,16.859058052865954,187.0,3381.0,FEMALE
Chinstrap,Dream,48.23271688349662,17.314745788987867,187.0,3288.0,MALE
Gentoo,Biscoe,47.567063831536764,15.45691940982588,219.0,5210.0,MALE
Adelie,Torgersen,37.99126585300795,17.842809943686472,183.0,3672.0,FEMALE
Gentoo,Biscoe,45.48711472038985,13.148156691416522,215.0,5120.0,FEMALE
Gentoo,Biscoe,46.75697858861725,13.818979017105908,217.0,4946.0,FEMALE
Adelie,Biscoe,41.37014213883389,18.131199556176302,181.0,3120.0,FEMALE
Chinstrap,Dream,43.80851420584225,16.675338410384672,187.0,3017.0,FEMALE
Gentoo,Biscoe,51.15625675203975,15.7654645678649,227.0,5504.0,MALE
Gentoo,Biscoe,44.64246660064128,14.548617629836064,211.0,4789.0,FEMALE
Chinstrap,Dream,45.36214582193394,17.47413951166828,198.0,3708.0,FEMALE
Gentoo,Biscoe,48.7625859296719,15.003398802051121,219.0,5273.0,MALE
Adelie,Dream,41.36376463119996,18.731853851314913,190.0,4202.0,MALE
Adelie,Dream,39.468493909505376,21.11375643513575,195.0,4156.0,MALE
Chinstrap,Dream,46.77796289351028,18.55135964911016,198.0,3309.0,FEMALE
Chinstrap,Dream,49.56729038098177,18.558617056728416,195.0,4367.0,MALE
Gentoo,Biscoe,50.883336629256455,15.693136512969122,215.0,5103.0,MALE
Gentoo,Biscoe,42.02964222295076,13.201236785828293,211.0,4252.0,FEMALE
Gentoo,Biscoe,51.118724843782616,17.483521642408707,227.0,5703.0,MALE
Adelie,Biscoe,37.93018712020727,16.75346783355197,200.0,3915.0,FEMALE
Chinstrap,Dream,53.43746078366666,19.833164872896823,205.0,4540.0,MALE
Adelie,Dream,41.27763791196086,17.650908971305583,182.0,3093.0,FEMALE
Chinstrap,Dream,50.29620436532904,17.98814201679213,195.0,3414.0,FEMALE
Adelie,Biscoe,38.46420361910292,18.673103296101043,194.0,2964.0,FEMALE
Adelie,Dream,39.36939269099633,18.085764230265116,190.0,3326.0,FEMALE
Gentoo,Biscoe,50.210650767116036,15.897707869496253,222.0,5595.0,MALE
Gentoo,Biscoe,48.338404639224045,15.333108198125938,215.0,5164.0,MALE
Chinstrap,Dream,50.73554380885637,20.050095317620535,197.0,3631.0,MALE
Gentoo,Biscoe,44.92584147158718,16.03127977461161,216.0,4869.0,.
Adelie,Dream,41.15496755240762,17.74034184611571,188.0,3105.0,FEMALE
Adelie,Dream,37.634768796462524,19.277554046992222,181.0,3414.0,FEMALE
Gentoo,Biscoe,43.27850642804545,14.71675371626835,212.0,4380.0,FEMALE
Adelie,Dream,39.51892367108508,21.37077307654153,193.0,4150.0,MALE
Adelie,Dream,37.56666529676357,16.518807733424158,192.0,3001.0,FEMALE
Adelie,Biscoe,35.551902462079674,19.23080283346442,204.0,3811.0,MALE
Adelie,Biscoe,37.70512728196698,17.210101203197375,180.0,3831.0,MALE
Adelie,Dream,35.901930845968,18.315810283109307,185.0,3146.0,FEMALE
Adelie,Biscoe,42.79948532252231,18.384619876851776,190.0,4057.0,MALE
Adelie,Torgersen,41.41535298979293,17.40645654081805,183.0,3115.0,FEMALE
Adelie,Biscoe,38.38305980231594,19.951354391294878,191.0,3946.0,MALE
Adelie,Dream,44.056585764570514,19.739599460093483,198.0,4456.0,MALE
Gentoo,Biscoe,46.1435046624285,15.825589217793505,225.0,5153.0,MALE
Chinstrap,Dream,48.232270812479236,17.488500929754018,191.0,3254.0,FEMALE
Adelie,Dream,38.722239232594696,19.871611211582533,190.0,3927.0,MALE
Chinstrap,Dream,51.01995399280514,18.297277777278463,199.0,3389.0,FEMALE
Adelie,Torgersen,35.336010803555595,16.25870284349873,200.0,3386.0,FEMALE
Chinstrap,Dream,49.4126635695416,18.237025180582755,193.0,3750.0,MALE
Gentoo,Biscoe,46.71486036654853,13.439332935962634,211.0,4531.0,FEMALE
Gentoo,Biscoe,45.71361354877849,14.521154296642951,208.0,5202.0,FEMALE
Adelie,Biscoe,37.748519106000835,16.980165712789166,193.0,3653.0,FEMALE
Adelie,Torgersen,38.74665893491931,19.52948494718475,195.0,3468.0,MALE
Gentoo,Biscoe,46.57384889289493,14.706274683748928,222.0,4860.0,FEMALE
Adelie,Torgersen,33.96809441575891,21.45974025990103,197.0,4348.0,MALE
Chinstrap,Dream,49.22645398955391,19.383325096397257,189.0,3843.0,MALE
Adelie,Dream,34.867373811029765,17.72638151359019,191.0,3462.0,FEMALE
Chinstrap,Torgersen,40.652601189455716,16.776635534853586,187.0,3217.0,FEMALE
Adelie,Torgersen,41.24754970259351,18.780703295125367,187.0,3249.0,MALE
Gentoo,Biscoe,49.508667759662366,15.672315232317754,229.0,5840.0,MALE
Adelie,Biscoe,42.40521104289368,18.243544102087096,194.0,4208.0,MALE
Adelie,Dream,36.16082308582131,17.838310148811278,190.0,3576.0,FEMALE
Adelie,Torgersen,39.636258246755524,18.729771008798718,195.0,3750.0,MALE
Gentoo,Biscoe,51.78167253187529,17.077702934391063,229.0,5458.0,MALE
Gentoo,Biscoe,59.390698653894006,17.27345131970415,230.0,6062.0,MALE
Adelie,Biscoe,35.206342661671236,16.064509123928676,199.0,3323.0,FEMALE
Adelie,Dream,35.68092074042223,18.017851108107756,186.0,3645.0,FEMALE
Gentoo,Biscoe,42.69220092194316,13.458724559844867,212.0,4265.0,FEMALE
Adelie,Dream,38.729832410701206,18.710065965540966,196.0,3684.0,FEMALE
Adelie,Dream,40.05488203150128,21.184671223338565,195.0,4265.0,MALE
Adelie,Torgersen,38.128126954456356,19.49294956606291,195.0,3553.0,MALE
Gentoo,Biscoe,47.30637292069876,14.06635245421026,212.0,4961.0,FEMALE
Gentoo,Biscoe,47.27764581503973,14.421025156067593,210.0,4728.0,FEMALE
Chinstrap,Dream,50.973883033374136,18.791704754477955,190.0,3625.0,MALE
Chinstrap,Dream,51.29732564943442,19.50516779175811,199.0,3962.0,MALE
Gentoo,Biscoe,43.57185238962303,14.371445644916033,207.0,4396.0,FEMALE
Chinstrap,Dream,49.206643259853834,17.39770604195416,186.0,3719.0,FEMALE
Gentoo,Biscoe,50.97297227164494,17.644665484302813,228.0,5729.0,MALE
Adelie,Torgersen,34.37951796304909,19.15529549321982,195.0,3651.0,MALE
Gentoo,Biscoe,47.58264655916569,14.731085226954495,215.0,5412.0,MALE
Adelie,Dream,35.773429162973216,18.536318565203807,186.0,3147.0,FEMALE
Chinstrap,Dream,51.76924082691478,18.66220629795245,189.0,3301.0,MALE
Adelie,Dream,35.339992121522805,17.95518842946071,192.0,3480.0,FEMALE
Gentoo,Biscoe,45.21683079473676,14.73004810206572,211.0,4329.0,FEMALE
Adelie,Dream,39.981931507899255,17.964196541652885,189.0,3334.0,FEMALE
Adelie,Dream,36.43292229090595,17.79056012029122,187.0,3140.0,FEMALE
Gentoo,Biscoe,41.75523241497779,13.624140363932298,214.0,4987.0,FEMALE
Adelie,Dream,39.838266187416906,18.134802428521656,195.0,4262.0,MALE
Chinstrap,Dream,41.758776431955525,17.425742483253874,196.0,4749.0,MALE
Adelie,Dream,40.411824455984735,17.244435252542104,196.0,3428.0,MALE
Gentoo,Biscoe,43.410441417992935,13.433905181867907,209.0,4495.0,FEMALE
Adelie,Torgersen,42.62408070079363,20.97163357517745,198.0,4537.0,MALE
Gentoo,Biscoe,48.69149950931829,16.343215747874744,227.0,5893.0,MALE
Adelie,Torgersen,36.310807930486476,20.571792382747145,201.0,3701.0,MALE
Chinstrap,Dream,47.186628211013726,18.075911227791828,194.0,3785.0,FEMALE
Gentoo,Biscoe,49.18114772894826,14.806193903334865,221.0,5352.0,MALE
Adelie,Torgersen,42.95208978424018,20.730480126291713,197.0,4675.0,MALE
Gentoo,Biscoe,47.52272089043505,14.992322316340502,218.0,4707.0,FEMALE
Adelie,Biscoe,38.1984181217501,16.969245600861456,180.0,3909.0,MALE
Gentoo,Biscoe,44.96729831009309,14.583951569504851,210.0,4783.0,FEMALE
Adelie,Dream,37.84328636204808,18.76713658260759,186.0,3697.0,FEMALE
Gentoo,Biscoe,40.802118130408886,14.413244008566721,212.0,4758.0,FEMALE
Adelie,Dream,41.706844250707064,18.596103683887275,189.0,3320.0,MALE
Chinstrap,Dream,51.00254988846829,19.824894174617764,197.0,3271.0,MALE
Chinstrap,Dream,51.87616888387684,19.326515174622827,196.0,4205.0,MALE
Gentoo,Biscoe,49.16276609729991,15.65433150071226,230.0,5882.0,MALE
Chinstrap,Dream,51.712643739088215,21.06385743807024,212.0,4833.0,MALE
Gentoo,Biscoe,46.58058793307339,14.773209378883783,217.0,4993.0,FEMALE
Adelie,Dream,34.48650075419518,17.193192506181184,193.0,3353.0,FEMALE
Gentoo,Biscoe,48.16913909665708,15.389160977923286,219.0,5081.0,MALE
Adelie,Dream,40.986143523594315,18.675831154685977,194.0,3781.0,FEMALE
Chinstrap,Dream,45.90766618923472,17.47323001719007,185.0,3754.0,FEMALE
Adelie,Torgersen,37.492073233936495,17.86502317173758,182.0,3738.0,FEMALE
Adelie,Biscoe,42.28728397925709,18.306443958643577,195.0,4310.0,MALE
Adelie,Torgersen,34.011660942141404,21.385002228857477,197.0,4344.0,MALE
Gentoo,Biscoe,47.22927640742259,15.15486100718425,216.0,5035.0,FEMALE
Adelie,Dream,36.415062419362634,16.526240311310687,178.0,3299.0,FEMALE
Gentoo,Biscoe,49.79467344906343,14.881921643101597,217.0,5141.0,FEMALE
Gentoo,Biscoe,42.43166006974929,13.188156700584006,214.0,4863.0,FEMALE
Chinstrap,Dream,50.98209791080618,18.159045315830966,198.0,3743.0,MALE
Adelie,Biscoe,37.80373084384587,18.918764243442844,181.0,3768.0,FEMALE
Gentoo,Biscoe,50.42882013415097,14.154735728202947,217.0,5750.0,MALE
Gentoo,Biscoe,42.88018776523956,13.96815460705095,213.0,4708.0,FEMALE
Gentoo,Biscoe,49.72840546661896,14.967427209649793,224.0,5245.0,MALE
Gentoo,Biscoe,48.93934211861858,15.389256532626291,220.0,6219.0,MALE
Gentoo,Biscoe,43.130216048957976,15.526741501515636,215.0,4573.0,FEMALE
Gentoo,Biscoe,45.583892088625205,14.679786928428943,212.0,4143.0,FEMALE
Adelie,Torgersen,39.207160506929206,18.196485375552815,202.0,3832.0,MALE
Adelie,Torgersen,35.93306191416623,17.143287758601137,194.0,3380.0,FEMALE
Adelie,Torgersen,38.540031441092026,21.294068243216312,191.0,3918.0,MALE
Adelie,Biscoe,37.83143279542748,18.56566654616083,191.0,3643.0,MALE
Adelie,Dream,36.33292188504613,16.942049048300863,193.0,3405.0,FEMALE
Gentoo,Biscoe,51.25051796614315,16.32007633798086,224.0,6006.0,MALE
Gentoo,Biscoe,50.79708279626467,15.35415083861702,219.0,5539.0,MALE
Chinstrap,Dream,49.453201487952704,18.544747866130535,197.0,3662.0,MALE
Adelie,Biscoe,42.35407872890232,19.610735152136506,195.0,4498.0,MALE
Gentoo,Biscoe,44.681347593818145,14.649078931260656,211.0,4262.0,FEMALE
Chinstrap,Dream,49.42770863030156,19.876119408677898,199.0,4027.0,MALE
Gentoo,Biscoe,46.19715021005157,14.561368352613625,212.0,4692.0,FEMALE
Adelie,Biscoe,38.70810515202412,18.8683310178876,191.0,3634.0,MALE
Adelie,Dream,37.23248856285745,17.230062303835748,192.0,3050.0,FEMALE
Adelie,Dream,40.38749237943758,18.223835120168307,194.0,3884.0,FEMALE
Adelie,Torgersen,38.88208163826192,19.146700822878916,195.0,3564.0,FEMALE
Gentoo,Biscoe,45.89993456644918,14.97888134380129,221.0,4718.0,FEMALE
Adelie,Torgersen,37.723226563392224,17.904956405300762,185.0,3694.0,MALE
Chinstrap,Dream,50.37751002124334,17.919685501634053,192.0,3348.0,FEMALE
Chinstrap,Dream,57.05736245814644,17.84427809457314,195.0,3769.0,FEMALE
Adelie,Dream,40.67469948901033,17.219662712025738,198.0,3691.0,FEMALE
Gentoo,Biscoe,49.08923804684089,16.423492737109875,230.0,5926.0,MALE
Adelie,Torgersen,37.236312108750234,17.866580305981106,181.0,3117.0,FEMALE
Gentoo,Biscoe,45.03147812105166,14.627901230106488,209.0,4425.0,FEMALE
Gentoo,Biscoe,42.09602966274746,14.099896485703155,208.0,4793.0,FEMALE
Adelie,Dream,38.276930586238045,19.22307583651344,199.0,3797.0,MALE
Adelie,Dream,32.639815718459545,15.492126356780808,187.0,2910.0,FEMALE
Adelie,Dream,36.65230077154354,17.930636836477515,188.0,3286.0,FEMALE
Gentoo,Biscoe,55.33824477956677,15.903324469493697,230.0,5807.0,MALE
Adelie,Torgersen,35.60686662006946,16.77800121260567,189.0,2913.0,FEMALE
Adelie,Biscoe,38.943825327590304,18.914184166929136,194.0,3675.0,MALE
Chinstrap,Dream,46.91275456291598,18.639300153711112,209.0,4158.0,MALE
Gentoo,Biscoe,46.63443653422692,14.450881656791017,216.0,4887.0,FEMALE
Adelie,Torgersen,36.58586406025569,20.456035967695062,192.0,3754.0,MALE
Gentoo,Biscoe,45.419410027397156,14.574055947951312,212.0,4172.0,FEMALE
Gentoo,Biscoe,46.47688686358344,14.699244707307912,218.0,4941.0,FEMALE
Adelie,Torgersen,34.46690810818241,19.19730101643329,189.0,3615.0,FEMALE
Gentoo,Biscoe,46.40519586225271,14.738022037173266,209.0,4823.0,FEMALE
Adelie,Dream,35.53200692493718,18.046593191048014,192.0,3468.0,FEMALE
Chinstrap,Dream,50.00344018023792,20.032652640724198,195.0,3359.0,MALE
Adelie,Biscoe,41.367442940690076,21.427056971132284,193.0,4467.0,MALE
Chinstrap,Dream,48.647126123488995,18.759859503546128,181.0,3675.0,MALE
Adelie,Dream,41.285997405540506,17.02352036676384,176.0,3457.0,FEMALE
Gentoo,Biscoe,50.7752550813647,15.802037844558757,215.0,5068.0,MALE
Adelie,Biscoe,40.041886715796174,17.49160736516617,185.0,3503.0,FEMALE
Adelie,Dream,40.74844419895145,18.833223419645613,191.0,4247.0,FEMALE
Adelie,Biscoe,39.91840237079458,17.321905979898364,185.0,3539.0,FEMALE
Gentoo,Biscoe,47.50975971649268,15.086393644374729,226.0,4966.0,FEMALE
Gentoo,Biscoe,45.20274900186702,13.50665776556683,213.0,5084.0,FEMALE
Gentoo,Biscoe,46.31788552147037,15.812703379022906,214.0,5040.0,MALE
Adelie,Dream,37.570375008115896,16.908884363380647,184.0,2905.0,FEMALE
Chinstrap,Dream,47.186316516396566,17.804527681252505,190.0,3859.0,MALE
Gentoo,Biscoe,47.51233338627587,14.403349896515806,214.0,5934.0,MALE
Adelie,Torgersen,39.75330257434302,17.82766853772982,201.0,3342.0,FEMALE
Gentoo,Biscoe,46.30298369308262,15.533440984310028,215.0,5216.0,MALE
Adelie,Dream,41.68174000715289,18.56044076283793,185.0,3931.0,MALE
Gentoo,Biscoe,48.49622317875653,15.566903319589532,214.0,5219.0,MALE
Adelie,Torgersen,37.03095054795268,18.11460980323173,188.0,3112.0,FEMALE
Gentoo,Biscoe,50.96511612577418,16.537701295313422,226.0,5344.0,MALE
Adelie,Dream,33.036821540474975,16.112906302668378,180.0,2958.0,FEMALE
Chinstrap,Dream,46.335863994609625,18.54562044440017,200.0,3397.0,FEMALE
Adelie,Dream,41.609997157890845,19.13135966506561,201.0,4070.0,MALE
Adelie,Dream,41.586748613122495,19.320946047994667,194.0,4033.0,MALE
Adelie,Biscoe,40.80465538865736,18.98378448458977,198.0,4130.0,MALE
Adelie,Torgersen,40.002668002080995,19.816132463185486,195.0,4651.0,MALE
Gentoo,Biscoe,47.237501674177366,14.786925886636029,215.0,5669.0,MALE
Adelie,Torgersen,38.72249377701786,21.33517965007513,189.0,3857.0,MALE
Gentoo,Biscoe,52.12669534992225,16.4299491489704,217.0,5473.0,MALE
Chinstrap,Dream,51.284421730032555,20.169129560779506,198.0,3313.0,MALE
Gentoo,Biscoe,46.34939047750374,15.330369073928678,221.0,4916.0,MALE
Adelie,Torgersen,39.83535547799214,17.225273773366045,176.0,3450.0,FEMALE
Adelie,Dream,43.54412834331715,18.305080007506522,191.0,4109.0,MALE
Gentoo,Biscoe,45.5513298994305,14.56991869516747,211.0,4702.0,FEMALE
Adelie,Biscoe,38.425966620576624,18.29257676020608,180.0,3352.0,FEMALE
Adelie,Biscoe,38.9577726565957,17.028981588310604,194.0,3629.0,FEMALE
Gentoo,Biscoe,48.60139259050762,16.28447159514884,217.0,5556.0,MALE
Gentoo,Biscoe,44.66854327046744,15.528468553784812,219.0,5081.0,MALE
Gentoo,Biscoe,41.78495190037487,13.393786273974092,214.0,4883.0,FEMALE
Adelie,Biscoe,37.77304079211765,20.142592741491796,189.0,4143.0,MALE
Adelie,Biscoe,41.62790478347102,19.825994772534276,202.0,4843.0,MALE
Adelie,Torgersen,41.65433641182061,18.783311225283654,187.0,4282.0,FEMALE
Chinstrap,Dream,46.51056723520995,18.708171213195584,207.0,4196.0,MALE
